,1,2-3,4-10,11-25,CM,MC-WD-DNF,
Tiger Woods,1.5,3,4.5,4,5,3,
Billy Horschel,0,4,1,2,6.5,9.5,
Dustin Johnson,2,5.5,5,6,3,2,
Webb Simpson,1.5,1,8,8,4.5,3,
Justin Rose,1,5,6.5,5.5,2,1,
Hideki Matsuyama,0,0,2,9.5,6,5.5,
Rickie Fowler,0,2,5,9,4,2.5,
Justin Thomas,2,1.5,7.5,9.5,1,2,
Xander Schauffele,0,5,4.5,4,7.5,4,
Rory McIlroy,1,2.5,7,3.5,5,5.5,
Tommy Fleetwood,0,2,5,11,4,1,
Gary Woodland,1,0,2,6.5,8.5,6.5,
Paul Casey,1,1,2,9,5,4.5,
Jon Rahm,0,0,6,6.5,4,5,
Aaron Wise,1,1,2,4,4,8.5,
Tony Finau,0,2,9,5.5,6,3,
Kyle Stanley,0,2,1,6.5,6.5,8.5,
Jason Day,1,1,2.5,12,2,2.5,
Bryson DeChambeau,2.5,2,3,5,9.5,4,
Cameron Smith,0,1.5,4,2.5,9.5,6.5,
Patton Kizzire,0,0,0,3,9,13,
Patrick Cantlay,0,0,5,7.5,8,3,
Marc Leishman,0,1,3,3,14.5,3,
Francesco Molinari,2.5,1,3.5,9,4,3.5,
Kevin Na,0.5,1,2,7,7.5,2.5,
Keegan Bradley,1.5,0,2.5,1.5,14.5,3,
Brooks Koepka,4,1,2,4.5,5.5,1,
Patrick Reed,2,1,5,4.5,9,5,
Bubba Watson,3,0,4,2,9,7,
Phil Mickelson,1.5,1,3,8,7.5,4.5,
Andrew Putnam,0,1,1,2.5,7,3.5,
Jason Kokrak,0,0.5,1,6,7,7,
Adam Hadwin,0,0,2.5,8,7.5,5,
Alex Noren,0,2.5,0,10.5,2.5,6,
Charles Howell III,0,0,2,7.5,8,4,
Henrik Stenson,0,0,5.5,3.5,6,3,
Austin Cook,0,0,1.5,0,16.5,6,
Tyrrell Hatton,0,1.5,6,1.5,8.5,4,
Byeong Hun An,0,2,2,2.5,13,2,
Beau Hossler,0,1.5,0,2,12.5,4,
Zach Johnson,0,0,0,10,11,1.5,
Ted Potter Jr,1,0,0,1,10.5,9.5,
Brice Garnett,0,0,0,1.5,11,7,
Andrew Landry,0,0,0,0,10.5,8,
C.T. Pan,0,1,0.5,4,9.5,3.5,
Peter Uihlein,0,0,2,3.5,10,7.5,
Chez Reavie,0,2,1,3,8.5,10,
Chris Kirk,0,0,1,5,11.5,1.5,
Rafa Cabrera Bello,0,1.5,3,3.5,12.5,2.5,
Siwoo Kim,0,1,2,2,12.5,8,
Keith Mitchell,0,1,1.5,0.5,10.5,3,
J.J Spaun,0,1,0,0.5,6,8.5,
Scott Piercy,0,0,0,3.5,7,9,
Luke List,0,3,2,2.5,9.5,7,
Brian Gay,0,0,3,5,9,4,
Ian Poulter,0.5,0,3,5,9.5,4.5,
Adam Scott,0,2,2,5.5,10,3,
Ryan Armour,0,0,1,3.5,9.5,8.5,
Abraham Ancer,0,0,2,2,7.5,7,
Jordan Spieth,0,2.5,3,8,6,5,
Pat Perez,0,0,0,3.5,12.5,5,
Louis Oosthuizen,0,0,2,8,6.5,3.5,
Kevin Kisner,0,3,1,2.5,9.5,8.5,
Chesson Hadley,0,0,2,4,7.5,9.5,
Emiliano Grillo,0,1.5,2.5,3,9,4,
Brendan Steele,0,1,0,2.5,9,7.5,
Ryan Palmer,0,0,1,2.5,5.5,6,
Brandt Snedeker,1,0.5,2,3,8.5,7.5,
Brian Harman,0,0,3.5,2,13.5,3.5,
Brian Stuard,0,0,0,1,8.5,10.5,
Kevin Chappell,0,0,4,1,9.5,8.5,
James Hahn,0,0,0,2,7,9,
Daniel Berger,0,0,2,6,9,5,
Kevin Tway,0,0,3,2,8.5,5,
Branden Grace,0,1,1.5,5,9.5,3,
Russell Knox,1,0,0,6,8.5,7,
Matt Kuchar,0,0,4.5,4.5,9,7,
J.B. Holmes,0,2,0,1,8,7,
Danny Lee,0,0,2.5,3,3,9.5,
Scott Stallings,0,0,2,1.5,8,8.5,
Bronson Burgoon,0,1,0,2.5,2,8,
Russell Henley,0,0,2,6,7,7.5,
Stewart Cink,0,1,3,2,7.5,4.5,
Nick Watney,0,1,0,1,13,3,
Tom Hoge,0,0,0,2,8,8,
Jimmy Walker,0,1.5,2,3,9.5,3.5,
Ryan Moore,0,0,3,4.5,8,5,
Charley Hoffman,0,0,0,12.5,6.5,6.5,
Meenwhee Kim,0,1,0,1,6,9,
Jamie Lovemark,0,0,1,5,7,3,
Jhonattan Vegas,0,0,0,2.5,15,5.5,
Kelly Kraft,0,0.5,1,0,7.5,13,
Troy Merritt,0,0,1,1,6.5,5.5,
Ollie Schniederjans,0,1,0,0,12,6.5,
Anirban Lahiri,0,0,2,0,7.5,9,
Michael Kim,1,0,0,1,4,11,
Satoshi Kodaira,1,0,0,1,9.5,10,
Joel Dahmen,0,1,1.5,3,2.5,4.5,
Kevin Streelman,0,0,3,0,7.5,6.5,
Jason Dufner,0,0,1.5,4,6,9.5,
Sam Ryder,0,1,0.5,0,7,3.5,
Sean O'Hair,0,0,1,1,5.5,8,
Seamus Power,0,0,0,2,3.5,7.5,
Harold Varner III,0,0,3,1,8,5,
Alex Cejka,0,0,0,0.5,8,5.5,
Trey Mullinax,0,0,2,0,5.5,6.5,
Brandon Harkins,0,0,0,1,9.5,7,
Sam Saunders,0,0,1.5,0,7.5,7,
Martin Laird,0,0,2,1,6.5,5,
Sunghoon Kang,0,0,0,1,8,11,
Nick Taylor,0,0,1,0,8,8.5,
Charl Schwartzel,0,1.5,1,0,8.5,10,
John Huh,0,0,1,2,7.5,7,
Vaughn Taylor,0,0,0,4,6,6,
Scott Brown,0,0,0,2.5,7,11,
Harris English,0,0,0,3,2,11.5,
Rory Sabbatini,0,0,1,5,7.5,3,
Ryan Blaum,0,0,1,4,6.5,6,
Tyler Duncan(Jul1989),0,0,0,3,8,7,
Richy Werenski,0,0,1,2.5,4,10,
JT Poston,0,0,0,2,3.5,5,
William McGirt,0,0,0,1,8.5,8,
Grayson Murray,0,0,1,1.5,5.5,7,
Jim Furyk,0,0,2,0,8.5,3,
D.A. Points,0,0,1,0,0,13,
David Hearn,0,0,1,1,1.5,5,
Michael Thompson,0,0,0,2.5,4,4,
John Oda,0,0,0,1,0,1,
Brett Stegmaier,0,0,0,1,3,4,
Doug Ghim,0,0,0,1,2,4,
Shawn Stefani,0,0,0,2.5,3,6.5,
Peter Malnati,0,0,0,1,8.5,4.5,
Patrick Rodgers,0,0,3,1,9,5.5,
Sergio Garcia,0,0,3.5,1,3.5,10,
Jonathan Byrd,0,0,0,1,3.5,6.5,
Aaron Baddeley,0,0,0,4,6.5,5,
Cameron Percy,0,0,0,0,4.5,2,
Johnson Wagner,0,0,0,2,5,1,
Joaquin Niemann,0,0,2.5,1,4,5,
Matthew Fitzpatrick,0,0,0.5,4,8,7,
Jonas Blixt,0,0,0,1,3,10.5,
Denny McCarthy,0,0,0,1,6,2,
Dylan Meyer,0,0,0,2,3,2,
Billy Hurley III,0,0,0,0,3.5,11,
Julian Suri,0,0,0.5,2,7.5,2,
Blayne Barber,0,0,0,1,5.5,7,
Corey Conners,0,0,1,1,6.5,4.5,
Sangmoon Bae,0,0,0,1,3,5,
Bill Haas,0,0,1,1,7.5,8,
Roberto Diaz,0,0,0,0,4,6,
Lanto Griffin,0,0,0,0,4.5,7.5,
Graeme McDowell,0,0,0,2.5,7,6,
Martin Flores,0,0,0,1,8,6.5,
Hudson Swafford,0,0,0,1,5,6,
Mackenzie Hughes,0,0,1,1.5,7.5,8.5,
Conrad Shindler,0,0,0,0,4,4.5,
Stephan Jaeger,0,0,0,0,4.5,6.5,
Zhang Xinjun,0,0,0,0,3,10,
Ricky Barnes,0,0,0,1,3,3.5,
Jason Bohn,0,0,0,0,1,2,
Arjun Atwal,0,0,0,0,1,1,
Ernie Els,0,0,0,0,2.5,11.5,
Stuart Appleby,0,0,0,1,1,4.5,
Tyrone van Aswegen,0,0,0,2,9.5,6,
Martin Piller,0,0,0,1.5,4,9.5,
Shane Lowry,0,0,0,4,9.5,7,
Nicholas Lindheim,0,0,0,0.5,4,7.5,
T.J. Vogel,0,0,0,1,2,3.5,
Marty Dou Zecheng,0,0,0,0,2,7.5,
Will Zalatoris,0,0,0,0,1,5,
Michael DeMorat,0,0,0,0,2,1,
Norman Xiong,0,0,0,0,0,3.5,
Ben Crane,0,0,1,0,2.5,5.5,
Davis Love III,0,0,0,0,2,6,
Steve Stricker,0,0,0,5.5,5,1.5,
David Lingmerth,0,0,0,1.5,7,6.5,
Andrew Yun,0,0,0,0,0,7.5,
Talor Gooch,0,0,0,2.5,1,10.5,
Dominic Bozzelli,0,0,0,2,7.5,6,
Fabian Gomez,0,0,0,2,6,6,
Matt Jones,0,0,0,3,1.5,7.5,
Zac Blair,0,0,0,0,3.5,3,
Benjamin Silverman,0,0,0,1,6,7,
Cody Gribble,0,0,0,0,5.5,8,
Robert Garrigus,0,0,0,3.5,3,8,
Ken Duke,0,0,0,0,2,5.5,
J.J. Henry,0,0,0,1.5,5.5,8.5,
Chad Campbell,0,0,1,0,7,6.5,
Shane Bertsch,0,0,0,0,0,2,
Tommy Gainey,0,0,0,0,1,3.5,
Stewart Jolly,0,0,0,0,0,1,
George McNeill,0,0,0,0,1.5,4,
Kris Blanks,0,0,0,0,1,3,
Padraig Harrington,0,0,0,0,3.5,12.5,
Brian Davis,0,0,0,0,1,3.5,
Steve Wheatcroft,0,0,0,1,3.5,3,
Parker McLachlin,0,0,0,1,2,3.5,
Doc Redman,0,0,0,0,2,4,
Hunter Mahan,0,0,0,0,2.5,7,
Rod Pampling,0,0,0,0,6,6,
Jonathan Randolph,0,0,0,0,5.5,6.5,
Carl Pettersson,0,0,0,0,0,5,
Kyle Thompson,0,0,0,0,1,7.5,
Retief Goosen,0,0,1,0,1,9.5,
Cameron Tringale,0,0,0,0,3,9,
Adam Schenk,0,0,0,1,4.5,7.5,
Matt Every,0,0,0.5,0,4,10.5,
Rob Oppenheim,0,0,0,0,3,8,
Brendon de Jonge,0,0,0,0,1,5.5,
Robert Streb,0,0,0,0.5,4,14,
Daniel Summerhays,0,0,0,0,1,6.5,
Ethan Tracy,0,0,0,1,2.5,5.5,
Matt Atkins,0,0,0,0,2,5.5,
Wesley Bryan,0,0,0,1,4.5,9.5,
Andres Romero,0,0,1,0,1,1.5,
Derek Fathauer,0,0,0,4,4,7.5,
Dicky Pride,0,0,0,0,0,4.5,
John Merrick,0,0,0,1,0,4.5,
James Driscoll,0,0,0,0,1,1,
Charles Frost,0,0,0,0,0,2,
Tom Lovelady,0,0,0,1,5.5,6.5,
Chris Stroud,0,0,0,0,8.5,7,
Thomas Pieters,0,0,3,1,7,2.5,
Brandon Stone,1,0,0,2,6,0,
Matt Wallace,0,0,0,2.5,0,6,
Ryan Fox,0,1,1,0,6.5,0,
Dylan Frittelli,0,0,0,3,5.5,8,
Sungjae Im,0,0,0,0,2,2,
Ben Kern,0,0,0,0,2,0,
Martin Kaymer,0,0,0,0,7,8.5,
Seungsu Han,0,0,0,0,2.5,0,
Thorbjorn Olesen,0,1,1,2,2.5,2,
Eddie Pepperell,0,1,2,0,2.5,1,
Ross Fisher,0,0,0.5,1,11,5,
Mike Lorenzo-Vera,0,0,0,0,2.5,2,
Yuta Ikeda,0,0,0,0,7.5,3.5,
Adrian Otaegui,0,0,0,0,3,1.5,
Vijay Singh,0,0,0,0,6.5,3,
Shugo Imahira,0,0,0,0,0,2,
Justin Harding,0,0,0,0,0,2,
Shaun Micheel,0,0,0,0,0,2,
Jordan L Smith,0,0,0,0,1,5.5,
Mikko Korhonen,0,0,0,0.5,0,3,
Sean McCarty,0,0,0,0,1,2,
Rich Beem,0,0,0,0,0,2,
John Daly,0,0,0,0,0,3.5,
Shubhankar Sharma,0,0,1.5,1,4,9.5,
Alexander Levy,0,0,0,0,2.5,8.5,
Paul Broadhurst,0,0,0,0,0,2,
Ryuko Tokimatsu,0,0,0,0,1,4,
Andy Sullivan,0,0,1,0,0.5,5,
Danny Willett,0,0,1,3,0,9,
Kiradech Aphibarnrat,0,0,3,3,8.5,5,
Chris Wood,0,0,0,1,2.5,3,
Zach J Johnson,0,0,0,0,0,2,
Craig Hocknull,0,0,0,0,0,2,
Alexander Bjork,0,0,0,2,1.5,4,
Ryan Vermeer,0,0,0,0,0,2,
Paul Dunne,0,0,0.5,0,5.5,4.5,
Y.E. Yang,0,0,0,0,0,2,
Matt Dobyns,0,0,0,0,0,2,
Daniel Balin,0,0,0,0,0,2,
Jason Schmuhl,0,0,0,0,0,2,
Omar Uresti,0,0,0,0,0,5.5,
Matthew Borchert,0,0,0,0,0,2,
Shawn Warren,0,0,0,0,0,2,
Rich Berberian, Jr.,0,0,0,0,0,2
Craig Bowden,0,0,0,0,0,2,
Brian Smock,0,0,0,0,0,2,
David Muttitt,0,0,0,0,0,2,
Marty Jertson,0,0,0,0,0,2,
Michael Block,0,0,0,0,0,4,
Johan Kok,0,0,0,0,0,3,
Jaysen Hansen,0,0,0,0,0,2,
Jorge Campillo,0,1,0,0,2.5,4.5,
Yusaku Miyazato,0,0,0,1,5.5,5.5,
Bob Sowards,0,0,0,0,0,2,
Haotong Li,0,0,0,3,10,4.5,
Wade Ormsby,0,0,0,0,3.5,1.5,
Kodai Ichihara,0,0,0,0,1,2,
Jaco Ahlers,0,0,0,0,1,0,
Ryan Yip,0,0,0,1,0,0,
George Cunningham,0,0,0,0,1,0,
Roger Sloan,0,0,0,0,1,0,
Chris Crisologo,0,0,0,0,1,0,
Zach Wright,0,0,0,0,1,0,
Jared Du Toit,0,0,0,0,0,1,
Cameron Champ,0,0,0,0,0,2,
Adam Svensson,0,0,0,0,0,1,
Joey Savoie,0,0,0,0,0,1,
Michael Gligic,0,0,0,0,0,1,
Mike Weir,0,0,0,0,0,4,
Will Claxton,0,0,0,0,0,4.5,
Russell Budd,0,0,0,0,0,1,
John Senden,0,0,0,0,3,3,
Sam Fidone,0,0,0,0,0,1,
Austin Connelly,0,0,0,0,0,3.5,
Zachary Bauchou(Am),0,0,0,0,0,1,
Marc-Etienne Bussieres,0,0,0,0,0,1,
Hugo Bernard,0,0,0,0,0,1,
Nyasha Mauchaza,0,0,0,0,0,1,
Todd Fanning,0,0,0,0,0,1,
Mitchell Sutton,0,0,0,0,0,1,
Justin YW Kim,0,0,0,0,0,1,
Erik van Rooyen,0,0,1,2.5,0,1,
Bernhard Langer,0,0,0,2,2,0,
Masahiro Kawamura,0,0,0,0,2,0,
Cameron Davis,0,0,0,0,2,2,
Tom Lewis,0,0,0,0,2,2,
Sean Crocker,0,0,0,0,2,0,
Lucas Herbert,0,0,0,0,2,2,
Shaun Norris,0,0,0,0,2,0,
Brett Rumford,0,0,0,0,3.5,2.5,
Lee Westwood,0,0,0,1,4,0,
Gavin Green,0,0,0,1,4,1,
Marcus Kinhult,0,0,0,0.5,2,1,
Matthew Southgate,0,0,0,1,3.5,2,
Zander Lombard,0,0,1,0,2,1.5,
Rhys Enoch,0,0,0,0,2,0,
Sam Locke,0,0,0,0,2,0,
Fabrizio Zanotti,0,0,0,0.5,0,4,
George Coetzee,0,0,0,1,0,3.5,
Tom Lehman,0,0,0,0,0,2,
Oliver Wilson,0,0,0,0,0,2,
Nicolai Hojgaard(Am),0,0,0,0,0,2,
Marcus Armitage,0,0,0,0,0,2,
Scott Jamieson,0,0,0,0,1,3.5,
Mark Calcavecchia,0,0,0,0,0,2,
Sanghyun Park,0,0,0,0,0,2,
Jazz Janewattananond,0,0,0,0,0,2,
Thomas Curtis,0,0,0,0,0,2,
Haraldur Magnus,0,0,0,0,0,2,
Hideto Tanihara,0,0,0,0,1.5,3,
Shota Akiyoshi,0,0,0,0,0,4,
Michael Hendry,0,0,0,0,0,2,
Sandy Lyle,0,0,0,0,0,4,
Todd Hamilton,0,0,0,0,0,2,
Danthai Boonma,0,0,0,0,0,2,
Minchel Choi,0,0,0,0,0,2,
Grant Forrest,0,0,0,0,0,2,
Nicolas Colsaerts,0,0,0,1,1,2.5,
Lin YuxinAm),0,0,0,0,0,4,
Brady Schnell,0,0,0,0,0,2,
Masanori Kobayashi,0,0,0,0,0,2,
Jack Senior,0,0,0,0,0,2,
Ashton Turner,0,0,0,0,0,2,
James Robinson,0,0,0,0,0,2,
Jens Dantorp,0,1,0,0,1.5,2,
Jovan Rebula(Am),0,0,0,0,0,2,
Darren Clarke,0,0,0,0,0,4,
David Duval,0,0,0,0,0,4,
Trevor Immelman,0,1,0,0,0.5,3,
Dean Burmester,0,0,1,0.5,4.5,0,
Aaron Rai,0,0,1,0,1,0.5,
Stephen Gallacher,0,0,1,0,0.5,1,
Marcel Siem,0,0,0,1,0,1.5,
Richard Sterne,0,0,0,1,1,0.5,
Scott Hend,0,0,0,1,0,1.5,
Andrea Pavan,0,0,0,1,0.5,1,
Sam Horsfield,0,0,0,3.5,0,0,
Justin Walters,0,0,0,1,0,1,
Joakim Lagergren,0,0,0,2,0,0.5,
Rakhyun Cho,0,0,0,0,1.5,1,
Connor Syme,0,0,0,0,1,1,
Thongchai Jaidee,0,0,0.5,0,2,0,
Gonzalo Fdez-Castano,0,0,0,0,2,0.5,
James Morrison,0,0,0,0,2,2.5,
Steven Brown,0,0,0,0,1,1.5,
Ricardo Gouveia,0,0,0,0,2,0.5,
Oliver Fisher,0,0,0,0,2,0.5,
Christiaan Bezuidenhout,0,0,0,1,1,0,
Darren Fichardt,0,0,0.5,0,2,0,
Soren Kjeldsen,0,0,0,0,2,0.5,
Matthieu Pavon,0,0,1,2,1.5,0,
Jinho Choi,0,0,0,0,2,0.5,
Robert Karlsson,0,0,0,0,1,1.5,
Robert Rock,0,0,0,0.5,2,0,
Benjamin Hebert,0,0,0,0,2.5,0,
Oliver Farr,0,0,0,0,1,1.5,
Lorenzo Gagli,0,0,0,0,1,1,
Julien Guerrier,0,0,0,0,2,0.5,
Jamie McLeary,0,0,0,0,1,0,
Clement Sordet,0,0,0,0,1,1.5,
Scott Fernandez,0,0,0,0,1.5,1,
Duncan Stewart,0,0,0,0,1,0,
Pedro Oriol,0,0,0,0,1,1.5,
Thomas Detry,0,0,0,0,1.5,1,
Adam Bland,0,0,0,1.5,2,0.5,
Lasse Jensen,0,0,0,0,0.5,2,
David Horsey,0,0,0,0,1,1.5,
Matteo Manassero,0,0,0,0,1.5,1,
Lucas Bjerregaard,0,0.5,0,0,0,2,
Edoardo Molinari,0,0,0,0,0,2.5,
Bradley Dredge,0,0,0,0,1,1.5,
Peter Hanson,0,0,0,0,1,1.5,
Soomin Lee,0,0,0,0,0,2.5,
Nacho Elvira,0,0,0,0,1,1.5,
Jeff Winther,0,0,0,0,0,2.5,
Chris Paisley,0,0,0,0,1.5,3.5,
Jacques Kruyswijk,0,0,0,0.5,0,2,
Richie Ramsay,0,0,0,0,1.5,3,
Wu Ashun,0,0,0,0,0.5,2,
Charlie Ford,0,0,0,0,1,1.5,
Laurie Canter,0,0,0,0,0,2,
Jason Scrivener,0,0,0,0,0,4.5,
Tapio Pulkkanen,0,0,0,0,0,2.5,
Chris Hanson,0,0,0,0,0,2.5,
Bradley Neil,0,0,0,0,0.5,2,
Haydn Porteous,0,0,0,0,1.5,1,
Marc Warren,0,0,0,0,1.5,1,
Peter Whiteford,0,0,0,0,0,1,
Andrew Dodt,0,0,0,0,1.5,1,
Raphael Jacquelin,0,0,1,0,0,1.5,
David Howell,0,0,0,0,0,2.5,
Gregory Havret,0,0,0,0,0,2.5,
Richard Bland,0,0,0,0,0.5,2,
Lee Slattery,0,0,0,0,0,2.5,
David Drysdale,0,0,0,0,1,1.5,
Daniel Im,0,0,0,0,0,2.5,
Ashley Chesters,0,0,0,1,0,1.5,
Jeunghun Wang,0,0,0,0,1.5,1,
Chase Koepka,0,0,0,0,0,2.5,
Alvaro Quiros,0,0,0,0,0,2.5,
S.S.P. Chawrasia,0,0,0,0,0,2.5,
Adrien Saddier,0,0,0,1,0.5,1,
Nino Bertasio,0,0,0,0,0.5,2,
Ryan Evans,0,0,0,0,0,4.5,
Matthias Schwab,0,0,0,0,0,2,
Sebastien Gros,0,0,0,0,0.5,2,
Thomas Bjorn,0,0,0,0,1,1.5,
Matthew Baldwin,0,0,0,0,0,2,
Daniel Brooks,0,0,0,0,1.5,1,
Paul Waring,0,0,0,0,1.5,3,
Romain Wattel,0,0,0,0,1,1.5,
Callum Shinkwin,0,0,0,0,0,2.5,
Renato Paratore,0,0,0,0,1,1.5,
Gregory Bourdy,0,0,0,0,1,1.5,
Mikko Ilonen,0,0,0,1,0,1.5,
Thomas Aiken,0,0,0,0,1,1.5,
Sam Brazel,0,0,0,0,0,2.5,
Jamie Donaldson,0,0,0,0,0,1.5,
Pablo Larrazabal,0,0,0,0,1,1.5,
Carlos Pigem,0,0,0,0,0,2.5,
Conor O'Neil,0,0,0,0,0,1,
David Lipsky,0,0,0,0,2,2,
Jason Norris,0,0,0,0,0,2.5,
Maximilian Kieffer,0,0,0,0,0.5,2,
Phachara Khongwatmai,0,0,0,0,0,2.5,
Nick Hardy(am),0,0,0,0,2,0,
Mark Wilson,0,0,0,0,2,1,
D.J. Trahan,0,0,0,0,1,2,
Tim Herron,0,0,0,1,1,4.5,
Manav Shah,0,0,0,0,0,1,
Charlie Wi,0,0,0,0,0,1,
Dru Love IV,0,0,0,0,0,3,
Broc Everett,0,0,0,0,0,1,
Charlie Beljan,0,0,0,0,1,5,
Vince India,0,0,0,0,0,1,
Steven Bowditch,0,0,0,0,0,2.5,
Troy Matteson,0,0,0,0,0,3.5,
Robert Allenby,0,0,0,0,1,2.5,
Daniel Chopra,0,0,0,0,0,3,
Chris Couch,0,0,0,0,1,2.5,
John Rollins,0,0,0,0,0,3,
Brian Bullington,0,0,0,0,0,1,
Brendon Todd,0,0,0,0,0,2,
Craig Barlow,0,0,0,0,0,1,
Chad Proehl,0,0,0,0,0,1,
David Berganio-Jr,0,0,0,0,0,3,
Jason Gore,0,0,0,0,0,1.5,
Cameron Beckman,0,0,0,0,0,3,
Matthew Nixon,0,0,0,1,0,0,
Simon Thornton,0,0,0,0,1,0,
Felipe Aguilar,0,0,0,0,1,0,
Gavin Moynihan,0,0,0,0,0,1,
Ruaidhri McGee,0,0,0,0,0,1,
Cormac Sharvin,0,0,0,0,0,1,
Mark Foster,0,0,0,0,0,1,
Paul McGinley,0,0,0,0,0,1,
Colm Moriarty,0,0,0,0,0,1,
Nicolas Geyger,0,0,0,0,0,1,
Christofer Blomstrand,0,0,0,0,0,1,
Cian McNamara,0,0,0,0,0,1,
Neil O'Briain,0,0,0,0,0,1,
Marcus Fraser,0,0,0,0,0,1.5,
Henric Sturehed,0,0,0,0,0,1,
John Peterson,0,0,0,0.5,3,0,
Steve Marino,0,0,0,0,1.5,3,
Chase Seiffert,0,0,1,0,0,0.5,
Wes Homan,0,0,0,0,0,0.5,
David S Bradshaw,0,0,0,0,0,0.5,
Bob Estes,0,0,0,0,1,6,
Blake Taylor,0,0,0,0,0,0.5,
Logan Lagodich,0,0,0,0,0,0.5,
Davey Jude,0,0,0,0,0,0.5,
Jon Curran,0,0,0,0,0,6,
Sam O'Dell,0,0,0,0,0,0.5,
Geoff Ogilvy,0,0,0,0,1,8.5,
Devin Gee,0,0,0,0,0,0.5,
Smylie Kaufman,0,0,0,0,0,11,
Ben Martin,0,0,0,0,6,6.5,
Andrew Svoboda,0,0,0,0,0,1,
Rick Lamb,0,0,0,0,0,4,
Adam D'Amario,0,0,0,0,0,1,
Sam Burns,0,0,1,1,5,1,
Tim Wilkinson,0,0,0,0,2,0,
Matt Parziale,0,0,0,0,2,2,
Luis Gagne,0,0,0,0,2,0,
Chris Naegel,0,0,0,0,2,0,
Calum Hill(Nov1994),0,0,0,0,2,0,
Andrew Johnston,0,0,0,0,2,0.5,
Cameron Wilson,0,0,0,0,2,0,
Will Grimmer,0,0,0,0,2,0,
Braden Thornberry,0,0,0,0,1,2,
Roberto Castro,0,0,0,0,0,2,
Lucas Glover,0,0,0,1,7,4,
Eric Axley,0,0,0,0,2,3,
Sebastian Vazquez,0,0,0,0,0,2,
Ty Strafaci,0,0,0,0,0,3,
Juan Sebastian Munoz,0,0,0,0,0,2,
Cole Miller,0,0,0,0,0,2,
Sungjoon Park,0,0,0,0,0,2,
David Bransdon,0,0,0,0,0,2,
Chris Babcock,0,0,0,0,0,2,
Michael Putnam,0,0,0,0,0,2,
Rhett Rasmussen,0,0,0,0,0,2,
Michael Miller(1992),0,0,0,0,0,2,
Stewart Hagestad(Am),0,0,0,0,0,2,
Liang Wenchong,0,0,0,0,0,2,
Jacob Bergeron,0,0,0,0,0,2,
Theo Humphrey(Am),0,0,0,0,0,2,
Yu Chun-an(am),0,0,0,0,0,2,
David Gazzolo,0,0,0,0,0,2,
Rikuya Hoshino,0,0,0,0,0,2,
Kristoffer Reitan,0,0,0,0,0,2,
Kenny Perry,0,0,0,0,0,3,
Garrett Rank,0,0,0,0,0,2,
Franklin Huang(Am),0,0,0,0,0,2,
Ryan Lumsden(Am),0,0,0,0,0,2,
Timothy Wiseman,0,0,0,0,0,2,
Noah Goodwin,0,0,0,0,0,3,
Shintaro Ban(Am),0,0,0,0,0,2,
Harry Ellis,0,0,0,0,0,5,
Sulman Raza,0,0,0,0,0,2,
Michael Hebert,0,0,0,0,0,2,
Philip Barbaree,0,0,0,0,0,2,
Scott Gregory,0,0,0,0,0,2,
Nate Lashley,0,0,0,0.5,2,3,
Scottie Scheffler(Am),0,0,0,0,1,1,
A.J. McInerney,0,0,0,0,1,1,
Grant Hirschman,0,0,0,0,1,0,
Casey Wittenberg,0,0,0,0,1,0,
Ben Crancer,0,0,0,0,0,1,
Zachary Olsen,0,0,0,0,0,1,
Dawson Armstrong,0,0,0,0,0,1,
Greg Chalmers,0,0,0,2,1.5,6,
Andrew Dorn,0,0,0,0,1,0,
Bud Cauley,0,0,0,3.5,1,5.5,
K.J. Choi,0,0,0,0,2,3.5,
Maverick McNealy,0,0,0,0,2,1,
Keith Clearwater,0,0,0,0,0,1,
James Heath,0,0,0,0,0.5,0,
Joost Luiten,0,0,0,0,1.5,0.5,
Paul O'Hara,0,0,0,0,0,0.5,
Robert Coles,0,0,0,0,0,0.5,
Richard Wallis,0,0,0,0,0,0.5,
Gavin Hay,0,0,0,0,0,0.5,
Oliver Goss,0,0,0,0,0,1,
Angel Cabrera,0,0,0,0,0,4,
Steven Ihm,0,0,0,0,0,1,
Ryan Baca,0,0,0,0,0,1.5,
Tom Whitney,0,0,0,0,0,1,
Brian Norman,0,0,0,0,0,1,
Scott McCarron,0,0,0,0,0,1.5,
Derek Ernst,0,0,0,0,0,2,
Ryan Ruffels,0,0,0,0,0,1,
Carter Jenkins,0,0,0,0,0,1,
J.T. Griffin,0,0,0,0,0,1,
Guillermo Pereira,0,0,0,0,0,1,
Luke Donald,0,0,0,0,2,4,
Philip Knowles,0,0,0,0,0,1,
Colt Knost,0,0,0,0,1,3,
Glen Day,0,0,0,0,0,1,
Jeff Maggert,0,0,0,0,0,1,
Steve Scott,0,0,0,0,0,1,
Bernd Wiesberger,0,0,0,2,2.5,1,
Fred Couples,0,0,0,0,2,0,
Jose M Olazabal,0,0,0,0,0,2,
Ian Woosnam,0,0,0,0,0,2,
Larry Mize,0,0,0,0,0,2,
Mark O'Meara,0,0,0,0,0,2,
Bobby Gates,0,0,0,0,0.5,0,
Dawie van der Walt,0,0,0,0,0.5,0,
Andrew Loupe,0,0,0,0,0,2.5,
Zach Cabra,0,0,0,0,0,0.5,
Camilo Villegas,0,0,0,0,2,3.5,
JJ Wood,0,0,0,0,0,0.5,
Curtis Luck,0,0,0,0,1,0,
Collin Morikawa(Am),0,0,0,0,1,0,
Paul Goydos,0,0,0,0,1,0,
Robert Gamez,0,0,0,0,0,1,
Donny Lee,0,0,0,0,0,1,
Jimmy Stanger,0,0,0,0,0,1,
Jack Maguire,0,0,0,0,0,1,
Rod Perry,0,0,0,0,0,1,
Morgan Hoffmann,0,0,0,0,1,2,
Andrew Novak,0,0,0,0,1,0,
Jhared Hack,0,0,0,0,0,1,
Andrew Filbert,0,0,0,0,0,1,
Richard H. Lee,0,0,0,0,0,2,
Seunghyuk Kim,0,0,0,0,0,1,
Vinnie Poncino,0,0,0,0,0,1,
Jim Herman,0,0,0,0,0,2,
Jerry Kelly,0,0,0,0,0,1,
Peter Jacobsen,0,0,0,0,0,1,
David Solomon,0,0,0,0,0,1,
Wyndham Clark,0,0,0,0,0,1,
Jesse Mueller,0,0,0,0,0,1,